USE shop_ecommerce;

-- 用户数据
INSERT INTO `users` (`id`, `username`, `password`, `email`, `phone`, `avatar`, `nickname`, `gender`, `birth_date`, `register_time`, `last_login_time`, `status`, `level`, `points`) VALUES
(10001, 'admin', 'e10adc3949ba59abbe56e057f20f883e', 'admin@shop.com', '13800138001', 'https://api.dicebear.com/7.x/avataaars/svg?seed=Admin', '管理员', 1, '1990-01-15', '2026-01-01 08:00:00', '2026-06-23 10:00:00', 1, 10, 5000),
(10002, 'user001', 'e10adc3949ba59abbe56e057f20f883e', 'user001@shop.com', '13800138002', 'https://api.dicebear.com/7.x/avataaars/svg?seed=User1', '小明', 1, '1995-05-20', '2026-02-10 14:30:00', '2026-06-22 18:30:00', 1, 5, 2300),
(10003, 'user002', 'e10adc3949ba59abbe56e057f20f883e', 'user002@shop.com', '13800138003', 'https://api.dicebear.com/7.x/avataaars/svg?seed=User2', '小红', 2, '1998-08-12', '2026-03-15 10:15:00', '2026-06-23 09:00:00', 1, 3, 800),
(10004, 'user003', 'e10adc3949ba59abbe56e057f20f883e', 'user003@shop.com', '13800138004', 'https://api.dicebear.com/7.x/avataaars/svg?seed=User3', '大壮', 1, '1992-11-08', '2026-04-01 16:45:00', '2026-06-21 20:15:00', 1, 7, 3500),
(10005, 'user004', 'e10adc3949ba59abbe56e057f20f883e', 'user004@shop.com', '13800138005', 'https://api.dicebear.com/7.x/avataaars/svg?seed=User4', '小美', 2, '2000-03-25', '2026-05-10 09:20:00', '2026-06-23 11:30:00', 1, 2, 300),
(10006, 'user005', 'e10adc3949ba59abbe56e057f20f883e', 'user005@shop.com', '13800138006', 'https://api.dicebear.com/7.x/avataaars/svg?seed=User5', '老王', 1, '1985-07-18', '2026-01-20 13:00:00', '2026-06-20 14:20:00', 1, 8, 4200),
(10007, 'user006', 'e10adc3949ba59abbe56e057f20f883e', 'user006@shop.com', '13800138007', 'https://api.dicebear.com/7.x/avataaars/svg?seed=User6', '阿花', 2, '1996-09-30', '2026-02-28 17:50:00', '2026-06-22 16:00:00', 1, 4, 1500),
(10008, 'user007', 'e10adc3949ba59abbe56e057f20f883e', 'user007@shop.com', '13800138008', 'https://api.dicebear.com/7.x/avataaars/svg?seed=User7', '小李', 1, '1993-12-05', '2026-03-25 11:10:00', '2026-06-21 08:45:00', 1, 6, 2800),
(10009, 'user008', 'e10adc3949ba59abbe56e057f20f883e', 'user008@shop.com', '13800138009', 'https://api.dicebear.com/7.x/avataaars/svg?seed=User8', '小张', 2, '1999-06-18', '2026-04-15 15:30:00', '2026-06-23 10:15:00', 1, 3, 600),
(10010, 'user009', 'e10adc3949ba59abbe56e057f20f883e', 'user009@shop.com', '13800138010', 'https://api.dicebear.com/7.x/avataaars/svg?seed=User9', '赵总', 1, '1988-04-02', '2026-05-01 09:00:00', '2026-06-20 19:30:00', 1, 9, 4800);

-- 分类数据
INSERT INTO `categories` (`id`, `name`, `parent_id`, `icon`, `sort_order`, `status`, `create_time`) VALUES
(101, '数码产品', 0, '📱', 1, 1, '2026-01-01 08:00:00'),
(102, '手机通讯', 101, '📲', 1, 1, '2026-01-01 08:00:00'),
(103, '电脑办公', 101, '💻', 2, 1, '2026-01-01 08:00:00'),
(104, '数码配件', 101, '🔌', 3, 1, '2026-01-01 08:00:00'),
(105, '影音娱乐', 101, '🎧', 4, 1, '2026-01-01 08:00:00'),
(106, '服装鞋帽', 0, '👔', 2, 1, '2026-01-01 08:00:00'),
(107, '男装', 106, '👕', 1, 1, '2026-01-01 08:00:00'),
(108, '女装', 106, '👗', 2, 1, '2026-01-01 08:00:00'),
(109, '鞋靴', 106, '👟', 3, 1, '2026-01-01 08:00:00'),
(110, '家居生活', 0, '🏠', 3, 1, '2026-01-01 08:00:00'),
(111, '厨房用品', 110, '🍳', 1, 1, '2026-01-01 08:00:00'),
(112, '日用百货', 110, '🧴', 2, 1, '2026-01-01 08:00:00'),
(113, '床上用品', 110, '🛏️', 3, 1, '2026-01-01 08:00:00'),
(114, '食品饮料', 0, '🍎', 4, 1, '2026-01-01 08:00:00'),
(115, '休闲零食', 114, '🍪', 1, 1, '2026-01-01 08:00:00'),
(116, '生鲜食品', 114, '🥩', 2, 1, '2026-01-01 08:00:00'),
(117, '酒水饮料', 114, '🍷', 3, 1, '2026-01-01 08:00:00'),
(118, '美妆护肤', 0, '💄', 5, 1, '2026-01-01 08:00:00'),
(119, '面部护理', 118, '🧴', 1, 1, '2026-01-01 08:00:00'),
(120, '彩妆', 118, '💋', 2, 1, '2026-01-01 08:00:00');

-- 品牌数据
INSERT INTO `brands` (`id`, `name`, `logo`, `description`, `sort_order`, `status`, `create_time`) VALUES
(101, '苹果', 'https://api.dicebear.com/7.x/avataaars/svg?seed=Apple', 'Apple Inc.', 1, 1, '2026-01-01 08:00:00'),
(102, '华为', 'https://api.dicebear.com/7.x/avataaars/svg?seed=Huawei', 'Huawei Technologies', 2, 1, '2026-01-01 08:00:00'),
(103, '小米', 'https://api.dicebear.com/7.x/avataaars/svg?seed=Xiaomi', 'Xiaomi Corporation', 3, 1, '2026-01-01 08:00:00'),
(104, '三星', 'https://api.dicebear.com/7.x/avataaars/svg?seed=Samsung', 'Samsung Electronics', 4, 1, '2026-01-01 08:00:00'),
(105, '索尼', 'https://api.dicebear.com/7.x/avataaars/svg?seed=Sony', 'Sony Corporation', 5, 1, '2026-01-01 08:00:00'),
(106, '优衣库', 'https://api.dicebear.com/7.x/avataaars/svg?seed=Uniqlo', 'UNIQLO Clothing', 6, 1, '2026-01-01 08:00:00'),
(107, '李宁', 'https://api.dicebear.com/7.x/avataaars/svg?seed=Lining', 'Li-Ning Sports', 7, 1, '2026-01-01 08:00:00'),
(108, '美的', 'https://api.dicebear.com/7.x/avataaars/svg?seed=Midea', 'Midea Group', 8, 1, '2026-01-01 08:00:00'),
(109, '三只松鼠', 'https://api.dicebear.com/7.x/avataaars/svg?seed=Squirrel', 'Three Squirrels', 9, 1, '2026-01-01 08:00:00'),
(110, '欧莱雅', 'https://api.dicebear.com/7.x/avataaars/svg?seed=Loreal', 'Loreal Paris', 10, 1, '2026-01-01 08:00:00');

-- 商品数据
INSERT INTO `products` (`id`, `name`, `category_id`, `brand_id`, `price`, `original_price`, `cost_price`, `stock`, `sales`, `rating`, `review_count`, `weight`, `is_hot`, `is_new`, `is_on_sale`, `description`, `specifications`, `create_time`) VALUES
(10001, 'iPhone 15 Pro Max 256GB', 102, 101, 9999.00, 11999.00, 6500.00, 150, 2580, 4.9, 1256, 0.22, 1, 1, 1, '苹果最新旗舰手机，A17 Pro芯片，钛金属设计，专业相机系统', '{"屏幕":"6.7英寸","分辨率":"2796x1290","处理器":"A17 Pro","存储":"256GB","电池":"4422mAh"}', '2026-01-10 08:00:00'),
(10002, '华为Mate 60 Pro 5G', 102, 102, 6999.00, 7999.00, 4200.00, 200, 3890, 4.8, 1820, 0.21, 1, 1, 1, '华为旗舰手机，麒麟芯片，超高速5G，卫星通话', '{"屏幕":"6.82英寸","分辨率":"2720x1260","处理器":"麒麟9000S","存储":"256GB","电池":"5000mAh"}', '2026-02-15 10:00:00'),
(10003, 'MacBook Pro 14英寸 M3', 103, 101, 14999.00, 16999.00, 8500.00, 80, 1250, 4.9, 620, 1.61, 1, 1, 1, '苹果专业级笔记本，M3 Pro芯片，18小时续航', '{"屏幕":"14.2英寸","分辨率":"3024x1964","处理器":"M3 Pro","内存":"18GB","硬盘":"512GB"}', '2026-01-18 09:00:00'),
(10004, '小米14 Ultra', 102, 103, 5999.00, 6499.00, 3500.00, 300, 5620, 4.7, 2340, 0.21, 1, 1, 1, '小米影像旗舰，徕卡光学镜头，骁龙8 Gen3', '{"屏幕":"6.73英寸","分辨率":"3200x1440","处理器":"骁龙8 Gen3","存储":"12+256GB","电池":"5300mAh"}', '2026-03-01 11:00:00'),
(10005, 'AirPods Pro 2代', 105, 101, 1899.00, 1999.00, 850.00, 500, 8960, 4.8, 4520, 0.05, 1, 0, 1, '主动降噪真无线耳机，H2芯片，USB-C充电', '{"续航":"30小时","充电":"USB-C","降噪":"主动降噪","防水":"IPX4"}', '2026-02-20 08:00:00'),
(10006, '索尼WH-1000XM5', 105, 105, 2499.00, 2999.00, 1200.00, 200, 3250, 4.9, 1680, 0.25, 1, 0, 1, '头戴式降噪耳机，8个麦克风，30小时续航', '{"续航":"30小时","充电":"USB-C","降噪":"8麦克风","重量":"250g"}', '2026-01-25 14:00:00'),
(10007, '优衣库男装纯棉T恤', 107, 106, 59.90, 79.90, 25.00, 1000, 12580, 4.5, 6250, 0.15, 1, 0, 1, '100%精梳棉，舒适透气，多色可选', '{"材质":"100%棉","版型":"常规","尺码":"S/M/L/XL/XXL","颜色":"白/黑/灰/蓝"}', '2026-03-10 09:00:00'),
(10008, '李宁运动跑鞋', 109, 107, 299.00, 399.00, 120.00, 600, 4580, 4.6, 2150, 0.65, 1, 1, 1, '超轻跑鞋，透气网面，减震防滑', '{"材质":"网布+EVA","鞋底":"橡胶","尺码":"39-45","颜色":"白/黑/红"}', '2026-04-01 10:00:00'),
(10009, '美的空气炸锅5L', 111, 108, 299.00, 399.00, 150.00, 350, 2890, 4.7, 1450, 3.2, 1, 0, 1, '5L大容量，无油烹饪，可视窗口', '{"容量":"5L","功率":"1500W","功能":"炸/烤/烘焙","材质":"不粘涂层"}', '2026-02-10 11:00:00'),
(10010, '三只松鼠坚果大礼包', 115, 109, 89.00, 129.00, 45.00, 800, 15680, 4.6, 7820, 0.8, 1, 0, 1, '混合坚果礼盒，精选6种坚果', '{"净重":"1000g","种类":"6种","保质期":"180天","包装":"礼盒"}', '2026-01-15 08:00:00'),
(10011, '欧莱雅玻尿酸水乳套装', 119, 110, 199.00, 299.00, 80.00, 400, 6250, 4.7, 3120, 0.4, 1, 1, 1, '玻尿酸补水保湿，提亮肤色', '{"规格":"水130ml+乳110ml","功效":"补水保湿","适用":"所有肤质"}', '2026-03-20 09:00:00'),
(10012, '三星Galaxy S24 Ultra', 102, 104, 8999.00, 9999.00, 5200.00, 120, 1890, 4.8, 940, 0.23, 1, 1, 1, '三星旗舰，钛金属边框，S Pen手写笔', '{"屏幕":"6.8英寸","分辨率":"3120x1440","处理器":"骁龙8 Gen3","存储":"256GB","电池":"5000mAh"}', '2026-02-25 10:00:00'),
(10013, '小米笔记本Pro 14', 103, 103, 4999.00, 5499.00, 2800.00, 250, 3250, 4.5, 1620, 1.4, 0, 1, 1, '轻薄笔记本，2.8K OLED屏幕', '{"屏幕":"14英寸","分辨率":"2880x1800","处理器":"i5-13500H","内存":"16GB","硬盘":"512GB"}', '2026-04-10 11:00:00'),
(10014, '小米无线充电宝20000mAh', 104, 103, 129.00, 159.00, 65.00, 600, 7580, 4.4, 3780, 0.45, 1, 0, 1, '20000毫安大容量，支持无线充电', '{"容量":"20000mAh","输出":"22.5W有线+15W无线","输入":"USB-C","重量":"450g"}', '2026-01-28 08:00:00'),
(10015, '优衣库女装连衣裙', 108, 106, 149.00, 199.00, 60.00, 500, 4250, 4.5, 2100, 0.2, 0, 1, 1, '夏季碎花连衣裙，轻薄透气', '{"材质":"棉混纺","版型":"A字","尺码":"XS/S/M/L","颜色":"多色"}', '2026-05-01 09:00:00'),
(10016, '美的电饭煲4L', 111, 108, 259.00, 329.00, 120.00, 300, 2680, 4.6, 1320, 3.5, 0, 0, 1, '4L容量，智能预约，不粘内胆', '{"容量":"4L","功率":"750W","功能":"煮饭/煲汤/蒸煮","内胆":"不粘"}', '2026-02-05 10:00:00'),
(10017, '三只松鼠每日坚果', 115, 109, 59.90, 79.90, 30.00, 1000, 22580, 4.7, 11250, 0.45, 1, 0, 1, '每日一包，营养均衡，30日装', '{"净重":"750g","规格":"25g*30包","种类":"8种","保质期":"180天"}', '2026-01-08 08:00:00'),
(10018, '欧莱雅口红', 120, 110, 159.00, 199.00, 55.00, 450, 3890, 4.8, 1940, 0.01, 1, 1, 1, '丝绒质地，显色持久，多色可选', '{"规格":"3.4g","质地":"丝绒","色号":"多色","保质期":"3年"}', '2026-03-15 10:00:00'),
(10019, '索尼PlayStation 5', 105, 105, 3899.00, 4299.00, 2200.00, 180, 4520, 4.9, 2260, 4.5, 1, 0, 1, '次世代游戏主机，SSD超高速加载', '{"CPU":"AMD Zen 2","GPU":"AMD RDNA 2","内存":"16GB","存储":"825GB SSD"}', '2026-01-12 09:00:00'),
(10020, '李宁运动T恤', 107, 107, 99.00, 139.00, 40.00, 700, 5680, 4.5, 2820, 0.18, 0, 1, 1, '速干透气，运动专用', '{"材质":"聚酯纤维","版型":"修身","尺码":"S/M/L/XL","颜色":"多色"}', '2026-04-15 11:00:00');

-- 商品图片数据
INSERT INTO `product_images` (`product_id`, `image_url`, `is_main`, `sort_order`) VALUES
(10001, 'https://images.unsplash.com/photo-1592750475338-74b7b21085ab?w=400', 1, 1),
(10001, 'https://images.unsplash.com/photo-1605089947340-24650160515d?w=400', 0, 2),
(10001, 'https://images.unsplash.com/photo-1592750475508-d17674290255?w=400', 0, 3),
(10002, 'https://images.unsplash.com/photo-1635173462504-1361d4c46646?w=400', 1, 1),
(10002, 'https://images.unsplash.com/photo-1616079230067-077e0d144606?w=400', 0, 2),
(10003, 'https://images.unsplash.com/photo-1517336714731-489689fd1ca8?w=400', 1, 1),
(10003, 'https://images.unsplash.com/photo-1542291026-7eec264c27ff?w=400', 0, 2),
(10004, 'https://images.unsplash.com/photo-1592750475338-74b7b21085ab?w=400', 1, 1),
(10005, 'https://images.unsplash.com/photo-1505740420928-5e560c06d30e?w=400', 1, 1),
(10006, 'https://images.unsplash.com/photo-1505740420928-5e560c06d30e?w=400', 1, 1),
(10007, 'https://images.unsplash.com/photo-1542272604-787c3835535d?w=400', 1, 1),
(10008, 'https://images.unsplash.com/photo-1542272604-787c3835535d?w=400', 1, 1),
(10009, 'https://images.unsplash.com/photo-1564086636505-4b81a7bf704d?w=400', 1, 1),
(10010, 'https://images.unsplash.com/photo-1556740755-069a403c57dd?w=400', 1, 1),
(10011, 'https://images.unsplash.com/photo-1592750475338-74b7b21085ab?w=400', 1, 1),
(10012, 'https://images.unsplash.com/photo-1592750475508-d17674290255?w=400', 1, 1),
(10013, 'https://images.unsplash.com/photo-1517336714731-489689fd1ca8?w=400', 1, 1),
(10014, 'https://images.unsplash.com/photo-1542272604-787c3835535d?w=400', 1, 1),
(10015, 'https://images.unsplash.com/photo-1542272604-787c3835535d?w=400', 1, 1),
(10016, 'https://images.unsplash.com/photo-1564086636505-4b81a7bf704d?w=400', 1, 1),
(10017, 'https://images.unsplash.com/photo-1556740755-069a403c57dd?w=400', 1, 1),
(10018, 'https://images.unsplash.com/photo-1592750475338-74b7b21085ab?w=400', 1, 1),
(10019, 'https://images.unsplash.com/photo-1606813907291-d86efa9b94db?w=400', 1, 1),
(10020, 'https://images.unsplash.com/photo-1542272604-787c3835535d?w=400', 1, 1);

-- 收货地址数据
INSERT INTO `addresses` (`user_id`, `consignee`, `phone`, `province`, `city`, `district`, `detail`, `is_default`, `status`, `create_time`) VALUES
(10002, '张明', '13800138002', '北京市', '北京市', '朝阳区', '建国路88号SOHO现代城A座1501', 1, 1, '2026-02-10 14:30:00'),
(10002, '张明', '13800138002', '上海市', '上海市', '浦东新区', '世纪大道100号上海环球金融中心25层', 0, 1, '2026-03-15 10:15:00'),
(10003, '李红', '13800138003', '广东省', '广州市', '天河区', '天河路385号太古汇广场一座3201', 1, 1, '2026-03-15 10:15:00'),
(10004, '王强', '13800138004', '浙江省', '杭州市', '西湖区', '文三路478号华星创业大厦18楼', 1, 1, '2026-04-01 16:45:00'),
(10005, '刘美', '13800138005', '江苏省', '南京市', '玄武区', '中山路18号德基广场二期15层', 1, 1, '2026-05-10 09:20:00'),
(10006, '赵伟', '13800138006', '四川省', '成都市', '锦江区', '春熙路1号IFS国际金融中心19楼', 1, 1, '2026-01-20 13:00:00'),
(10007, '陈花', '13800138007', '湖北省', '武汉市', '武昌区', '中南路7号中商广场写字楼22层', 1, 1, '2026-02-28 17:50:00'),
(10008, '孙李', '13800138008', '湖南省', '长沙市', '芙蓉区', '五一大道608号华天大酒店B座16层', 1, 1, '2026-03-25 11:10:00'),
(10009, '周张', '13800138009', '福建省', '厦门市', '思明区', '中山路55号厦门国际广场12层', 1, 1, '2026-04-15 15:30:00'),
(10010, '吴赵', '13800138010', '山东省', '青岛市', '市南区', '香港中路8号青岛国际金融中心18层', 1, 1, '2026-05-01 09:00:00');

-- 订单数据
INSERT INTO `orders` (`id`, `user_id`, `address_id`, `total_amount`, `discount_amount`, `pay_amount`, `pay_method`, `pay_time`, `status`, `status_text`, `remark`, `create_time`) VALUES
('ORD202606200001', 10002, 1, 10198.00, 200.00, 9998.00, 'alipay', '2026-06-20 10:30:00', 'completed', '已完成', '', '2026-06-20 10:25:00'),
('ORD202606210002', 10003, 3, 1899.00, 0.00, 1899.00, 'wechat', '2026-06-21 14:15:00', 'shipped', '待收货', '', '2026-06-21 14:10:00'),
('ORD202606220003', 10004, 4, 59.90, 10.00, 49.90, 'alipay', '2026-06-22 09:45:00', 'paid', '待发货', '', '2026-06-22 09:40:00'),
('ORD202606220004', 10005, 5, 89.00, 0.00, 89.00, 'wechat', '2026-06-22 16:30:00', 'shipped', '待收货', '', '2026-06-22 16:25:00'),
('ORD202606230005', 10002, 1, 299.00, 0.00, 299.00, NULL, NULL, 'pending', '待付款', '', '2026-06-23 10:00:00'),
('ORD202606200006', 10006, 6, 6999.00, 500.00, 6499.00, 'alipay', '2026-06-20 15:20:00', 'completed', '已完成', '', '2026-06-20 15:15:00'),
('ORD202606210007', 10007, 7, 259.00, 30.00, 229.00, 'wechat', '2026-06-21 11:00:00', 'paid', '待发货', '', '2026-06-21 10:55:00'),
('ORD202606220008', 10008, 8, 3899.00, 400.00, 3499.00, 'alipay', '2026-06-22 18:00:00', 'shipped', '待收货', '', '2026-06-22 17:55:00'),
('ORD202606230009', 10009, 9, 159.00, 0.00, 159.00, NULL, NULL, 'pending', '待付款', '', '2026-06-23 09:30:00'),
('ORD202606230010', 10010, 10, 14999.00, 1000.00, 13999.00, 'alipay', '2026-06-23 11:00:00', 'paid', '待发货', '', '2026-06-23 10:55:00');

-- 订单明细数据
INSERT INTO `order_items` (`order_id`, `product_id`, `product_name`, `product_image`, `price`, `quantity`, `subtotal`, `spec_info`) VALUES
('ORD202606200001', 10001, 'iPhone 15 Pro Max 256GB', 'https://images.unsplash.com/photo-1592750475338-74b7b21085ab?w=400', 9999.00, 1, 9999.00, '256GB 原色钛金属'),
('ORD202606200001', 10005, 'AirPods Pro 2代', 'https://images.unsplash.com/photo-1505740420928-5e560c06d30e?w=400', 1899.00, 1, 1899.00, '标准版'),
('ORD202606210002', 10005, 'AirPods Pro 2代', 'https://images.unsplash.com/photo-1505740420928-5e560c06d30e?w=400', 1899.00, 1, 1899.00, '标准版'),
('ORD202606220003', 10007, '优衣库男装纯棉T恤', 'https://images.unsplash.com/photo-1542272604-787c3835535d?w=400', 59.90, 1, 59.90, '白色 L码'),
('ORD202606220004', 10010, '三只松鼠坚果大礼包', 'https://images.unsplash.com/photo-1556740755-069a403c57dd?w=400', 89.00, 1, 89.00, '1000g'),
('ORD202606230005', 10008, '李宁运动跑鞋', 'https://images.unsplash.com/photo-1542272604-787c3835535d?w=400', 299.00, 1, 299.00, '白色 42码'),
('ORD202606200006', 10002, '华为Mate 60 Pro 5G', 'https://images.unsplash.com/photo-1635173462504-1361d4c46646?w=400', 6999.00, 1, 6999.00, '256GB 昆仑玻璃'),
('ORD202606210007', 10016, '美的电饭煲4L', 'https://images.unsplash.com/photo-1564086636505-4b81a7bf704d?w=400', 259.00, 1, 259.00, '4L 白色'),
('ORD202606220008', 10019, '索尼PlayStation 5', 'https://images.unsplash.com/photo-1606813907291-d86efa9b94db?w=400', 3899.00, 1, 3899.00, '标准版'),
('ORD202606230009', 10018, '欧莱雅口红', 'https://images.unsplash.com/photo-1592750475338-74b7b21085ab?w=400', 159.00, 1, 159.00, '#666 哑光'),
('ORD202606230010', 10003, 'MacBook Pro 14英寸 M3', 'https://images.unsplash.com/photo-1517336714731-489689fd1ca8?w=400', 14999.00, 1, 14999.00, '18GB+512GB 深空灰');

-- 购物车数据
INSERT INTO `carts` (`user_id`, `product_id`, `quantity`, `selected`, `create_time`) VALUES
(10002, 10006, 1, 1, '2026-06-20 11:00:00'),
(10002, 10009, 1, 1, '2026-06-21 14:30:00'),
(10003, 10007, 2, 1, '2026-06-22 09:15:00'),
(10004, 10011, 1, 0, '2026-06-22 16:00:00'),
(10005, 10015, 1, 1, '2026-06-23 08:30:00'),
(10006, 10013, 1, 1, '2026-06-20 15:45:00'),
(10007, 10017, 3, 1, '2026-06-21 11:30:00'),
(10008, 10004, 1, 0, '2026-06-22 18:20:00'),
(10009, 10012, 1, 1, '2026-06-23 09:10:00'),
(10010, 10008, 2, 1, '2026-06-23 10:45:00');

-- 评价数据
INSERT INTO `reviews` (`order_id`, `product_id`, `user_id`, `rating`, `content`, `images`, `is_anonymous`, `is_show`, `reply`, `reply_time`, `create_time`) VALUES
('ORD202606200001', 10001, 10002, 5, '非常满意，手机颜值很高，性能强劲，拍照效果一流！', '["https://images.unsplash.com/photo-1592750475338-74b7b21085ab?w=200"]', 0, 1, '感谢您的好评，祝您使用愉快！', '2026-06-21 10:00:00', '2026-06-21 09:30:00'),
('ORD202606200001', 10005, 10002, 5, '耳机音质很好，降噪效果明显，续航给力！', NULL, 0, 1, NULL, NULL, '2026-06-21 09:35:00'),
('ORD202606200006', 10002, 10006, 4, '手机整体不错，就是价格有点贵', NULL, 0, 1, '感谢您的评价，我们会继续努力提供更好的产品！', '2026-06-21 14:00:00', '2026-06-21 13:30:00'),
('ORD202606210002', 10005, 10003, 5, '非常喜欢，佩戴舒适，音质超棒！', NULL, 1, 1, NULL, NULL, '2026-06-22 10:00:00'),
('ORD202606220003', 10007, 10004, 4, '质量不错，穿着舒服，值得购买', NULL, 0, 1, NULL, NULL, '2026-06-23 08:00:00'),
('ORD202606220004', 10010, 10005, 5, '坚果新鲜，味道很好，家人都喜欢', NULL, 0, 1, NULL, NULL, '2026-06-23 09:00:00'),
('ORD202606220008', 10019, 10008, 5, '游戏体验非常棒，画面流畅，加载速度快！', '["https://images.unsplash.com/photo-1606813907291-d86efa9b94db?w=200"]', 0, 1, '感谢您的支持！', '2026-06-23 10:00:00', '2026-06-23 09:45:00'),
('ORD202606200006', 10002, 10006, 5, '拍照效果很好，系统流畅', NULL, 0, 1, NULL, NULL, '2026-06-21 13:35:00'),
('ORD202606210007', 10016, 10007, 4, '煮饭效果不错，操作简单', NULL, 0, 1, NULL, NULL, '2026-06-22 11:00:00'),
('ORD202606220003', 10007, 10004, 5, '第二次购买了，质量很好', NULL, 1, 1, NULL, NULL, '2026-06-23 08:05:00');